{
  "project_info": {
    "project_number": "865090997147",
    "project_id": "tracking-app-7dbef",
    "storage_bucket": "tracking-app-7dbef.appspot.com"
  },
  "client": [
    {
      "client_info": {
        "mobilesdk_app_id": "1:865090997147:android:58b55136d9e652c4d5af3e",
        "android_client_info": {
          "package_name": "com.delivery.app"
        }
      },
      "oauth_client": [
        {
          "client_id": "865090997147-6fnau1k5r1064cg7rg3n1g1lgbhh6fpb.apps.googleusercontent.com",
          "client_type": 3
        }
      ],
      "api_key": [
        {
          "current_key": "AIzaSyAd5fWw5yXhKK2m4igZXwqznb1kXnbgkHY"
        }
      ],
      "services": {
        "appinvite_service": {
          "other_platform_oauth_client": [
            {
              "client_id": "865090997147-6fnau1k5r1064cg7rg3n1g1lgbhh6fpb.apps.googleusercontent.com",
              "client_type": 3
            }
          ]
        }
      }
    }
  ],
  "configuration_version": "1"
}